user_id,username,created_at,latitude,longitude,text
267076692.0,Rosiwulan_,2018-03-28 00:24:35,-7.648,111.31925,At Sam Poo Kong Temple (Zheng He Temple) [pic] ‚Äî https://t.co/GDgYrgPfof
86853856.0,dodydokong,2018-03-28 00:21:39,-6.9963,110.398,"Sam Poo Kong

m Poo Kong¬†(Chinese:¬†‰∏â‰øùÊ¥û;¬†pinyin:¬†SƒÅnb«éo D√≤ng), also known as¬†Gedung Batu Temple,‚Ä¶ https://t.co/ZxMswhOVd4"
2424832381.0,ATCSKotaSMG,2018-03-27 03:00:26,,,"10.00 WIB Lalin Simp Sam Poo Kong terpantau ramai lancar dr Jl.Pamularsih, selalu utamakan keselamatan dlam berkendara #lalinSMG https://t.co/IrUR2A6CBX"
209980103.0,deadheblonk,2018-03-26 18:02:33,-7.01141043,110.3860116,Just posted a photo @ Wisata Sam Poo Kong Semarang https://t.co/ih45OB5KCA
2424832381.0,ATCSKotaSMG,2018-03-26 03:05:36,,,"10.05 WIB SAM POO KONG
Lalin terpantau relatif lancar #lalinSMG https://t.co/Abb6pljA8Y"
24531410.0,mel_p5,2018-03-24 06:08:03,-7.01141043,110.3860116,üòÄüòÅüòÄüòÅüòÄ #latepost #semarang #sampookong #friends #temple #duamingguyanglalu @ Wisata Sam Poo Kong‚Ä¶ https://t.co/b7azdyt97M
65882277.0,veiLoveita,2018-03-23 09:03:41,-7.01141043,110.3860116,"Kelenteng Gedung Batu Sam Poo Kong¬†adalah sebuah petilasan, yaitu bekas tempat persinggahan dan‚Ä¶ https://t.co/aER0TJbwmn"
86479936.0,WiedWiedha,2018-03-22 14:59:30,,,"Di China? Bukan, ini cuma di Semarang tepatnya Sam Poo Kong #RedTraveler #RDmerahmeriah @RedDoorzHQ @reddoorzph Yukkk ikut jg @CwieNov21 @indrikurniasari @FiqraQuamilla https://t.co/tnmZby1mOS"
2424832381.0,ATCSKotaSMG,2018-03-21 02:40:51,,,"09.41 WIB Lalin Simp sam Poo Kong terpantau ramai lancar dr Jl.Simongan, selalu hati2 dlam berkendara #lalinSMG https://t.co/Pn5ntWCZhk"
258245694.0,Ticka_Aini,2018-03-20 12:30:16,-6.9943239,110.3984182,I‚Äôm not perfect üòäüòä @ Sam Poo Kong https://t.co/zZqngnZuAs
2424832381.0,ATCSKotaSMG,2018-03-20 06:03:25,,,"13.02 WIB SAM POO KONG
Arus lalin terpantau lancar #lalinSMG https://t.co/yJunMaxlFo"
2424832381.0,ATCSKotaSMG,2018-03-19 06:45:21,,,13.45 WIB Arus lalin di simp Sam Poo Kong terpantau lancar dr semua arah #LalinSMG https://t.co/EZ5EzEAmLH
156228443.0,wisatasemarang,2018-03-19 03:01:57,,,"Berbanggalah kita sebagai warga Semarang. Karena kota ini memiliki banyak mahakarya peninggalan dari berbagai budaya yang hidup dalam harmoni di kota ini.
.
Lokasi: Sam Poo Kong #Semarang
Foto IG: arif_fajar_s
.
#sampookong #wisatasemarang #banggasemarang https://t.co/4NvcAurrCE"
488099434.0,EHKediri,2018-03-28 08:54:08,,,Monumen Simpang Lima Gumul Kediri turut memadamkan lampu selama satu jam untuk Earth Hour 2018. https://t.co/rJsW3MYVYN
488099434.0,EHKediri,2018-03-28 08:14:49,,,"Peringatan Earth Hour 2018, Ratusan Lilin Terangi Simpang Lima Gumul. https://t.co/5vmrsJ0DPW"
254645790.0,RTMCPoldaJateng,2018-03-28 06:18:09,,,"13.16 WIB arus lalu lintas seputaran simpang lima semarang terpantau padat, jaga jarak aman dalam berkendara #polripromoter https://t.co/apubeiCMdd"
92974631.0,Tingkitinkoioi,2018-03-28 05:52:28,,,"~
otw 55 kg .. wkwk 

#asatuid 
#lookslike @ Ibis Semarang Simpang Lima https://t.co/mLkbYSRtYZ"
2424832381.0,ATCSKotaSMG,2018-03-28 03:29:57,,,10.25 WIB Lalin di Kawasan Simpang Lima terpantau ramai lancar.cuaca cerah slalu hati2 &amp; patuhi rambu lalin #lalinSMG https://t.co/MNoFdPS5Md
2424832381.0,ATCSKotaSMG,2018-03-28 03:24:29,,,"10.22 WIB Lalin di Simp Gajah Mada terpantau ramai lancar dr jl  Simpang Lima .cuaca cerah,slalu hati2 &amp; patuhi rambu lalin #lalinSMG https://t.co/IDVdhYneDp"
2154342584.0,Ayonaikbiscom,2018-03-28 01:17:17,,,"Regrann from @nira_2542 -  Gpp lah ya file lawas di up : )

Efisiensi
Mercedes benz 
OC 500 RF 2542 OM 457 LA
DOUBLE DECK BY @adiputrogroup 
Loc. Simpang Lima Semarang

#efisiensi #adiputro #mybusmyadventure #photobuskita #bisgalery #ayonaikbis #doubledecker #mercedes #mercy‚Ä¶ https://t.co/zLsWNVlIwz"
80445195.0,agdito,2018-03-27 17:21:16,-6.99047036,110.42298857,Nunut ngiyup @ Simpang Lima Semarang https://t.co/Fm1rMXKEVz
2424832381.0,ATCSKotaSMG,2018-03-27 01:29:28,,,"08.29 WIB Kawasan Simpang Lima terpantau relatif lancar dr arah Pandanaran, tetap hati2 saat melintas, jalan licin #lalinSMG https://t.co/0wZgj3x4kn"
2424832381.0,ATCSKotaSMG,2018-03-27 01:28:23,,,08.28 WIB Lalin Simp Gajah Mada terpantau ramai lancar dr arah Simpang Lima #lalinSMG https://t.co/QfI4FB3fUn
9.614164687630377e+17,PMI_KabSemarang,2018-03-27 00:49:31,,,"Stok Darah UTD PMI Kab. Semarang hari ini, Selasa - 27 Maret 2018 pkl 07.00 WIB

A : 50
B : 65
AB : 55
O : 217

Mobile Unit Donor Darah hari ini di Mall Ciputra, Simpang Lima, Semarang

@utdp_pmi @PMIJawaTengah @palangmerah @Blood4LifeID @FitRadioSmg @InfoUngaran"
191250364.0,mikahlunia,2018-03-26 23:53:28,,,Bukan cuma Simpang Lima: 22 alasan yang membuat Semarang wajib jadi tujuan liburan Anda https://t.co/UBlyam74Rr
101494663.0,infobdg,2018-03-26 23:18:06,,,#laalinBDG 06.15: Simpang Lima terpantau ramai lancar kedua arah https://t.co/o0d8ARekJT
119786563.0,adriDahlia,2018-03-26 14:55:16,-6.92155,107.6103,"#SIARANKELILINGDAHLIA
Senin, 26 Maret 2018
Di Simpang Lima Bandung

#KopiDangdutDahlia‚Ä¶ https://t.co/rOP0lUwwQ4"
1127098051.0,14rindra,2018-03-26 14:38:54,-6.99139,110.42255,At Simpang Lima [vid] ‚Äî https://t.co/kjhxxi7TrA
1144569092.0,kojurda,2018-03-26 12:46:49,,,"Pameran Usaha Masyarakat Kecil Menengah (UMKM) yang diselenggarakan pada tanggal 21-25 Maret 2018 di Simpang Lima Gumul, Kediri. Penyelenggara kegitan ini adalah Dinas Koperasi dan Usaha Mikro Kabupaten Kediri dalam rangka hari ulang tahun Kabupaten Kediri ke-1214 tahun. https://t.co/kdxdjLvYgn"
225544648.0,ekosupraptio,2018-03-26 04:55:35,,,Soto Mbk Lin dpn Simpang Lima Residence ini memang paling manteb jika pas ke Semarang. ü§§ https://t.co/cJxJaJ9ud4
58886762.0,MGT_RADIO,2018-03-26 01:55:17,,,Seru banget #MGTBaper Hari pertama di Simpang Lima hari ini! https://t.co/MqYfu6KEeh
254645790.0,RTMCPoldaJateng,2018-03-26 01:31:14,,,08.30 WIB arus lalu lintas pos pol simpang lima semarang terpantau lancar. https://t.co/KlqJPoa4cl
58886762.0,MGT_RADIO,2018-03-26 00:55:13,,,"Duh si aa nya bisaan euy! 
Yuk ah ke Simpang Lima skrg!
Ada #MGTBaper https://t.co/GNvvzmDKWX"
466413773.0,xteena_jati,2018-03-26 00:46:07,,,"@AnindyajatiD proliman ki perlimaan, semacem simpang lima ngono kae lhoo"
58886762.0,MGT_RADIO,2018-03-26 00:34:24,,,@opengs Dan @awong_irfan udah ada di Simpang Lima siap Bagi-bagi Sarapan di #MgtBaper https://t.co/EXngGvaiOA
366972233.0,gajahpenyet,2018-03-25 10:58:51,-7.8159721,112.06241832,"Menikmati saja.. 
..... menikmati saja.. 

#happyfamily 
#familytime @ Area Simpang Lima Gumul‚Ä¶ https://t.co/9BE48hRtlI"
2424832381.0,ATCSKotaSMG,2018-03-25 07:59:57,,,15.00 WIB LALIN Kawasan Simpang Lima terpantau ramai dipadati kendaraan dari Jl. Pandanaran. Hati-hati #lalinSMG https://t.co/2hca4sxyoP
2397954524.0,SuciMeidhita,2018-03-25 07:56:45,,,"Sumpah simpang lima gitu amat banjirnya, kapok dah maen kalo ujan..."
292707369.0,RadioANDIKA,2018-03-25 04:08:26,,,"Radio ANDIKA 11.08
AIPTU SUPRAYITNO Kasi Humas Polsek Gampengrejo Kediri mengabarkan kegiatan pengamanan Tari masal dan prosesi peringatan hari jadi Kabupaten Kediri ke 1214 di Simpang Lima Gumul Desa Sumberejo Kecamatan... https://t.co/IOPGjgUTdO"
206746338.0,faruqhaqi,2018-03-25 02:27:12,-6.99047036,110.42298857,"Menepati Janji my Queen untuk bermain di Simpang Lima.
.
Lampu warna-warni menjadi daya tarik‚Ä¶ https://t.co/JY5840NJDU"
9.61140517865173e+17,armand_muttaqin,2018-03-24 18:02:18,,,@viesusant @shitlicious Boleh. Sama nasi liwet simpang lima satu yah mbak
18975610.0,sentotpras,2018-03-24 16:24:40,-7.8487,112.023257,Just posted a photo @ Monumen Simpang Lima Gumul Kediri https://t.co/QpshXH6EU1
292707369.0,RadioANDIKA,2018-03-24 14:43:35,,,"Radio ANDIKA 21.41
Pak LUHUR DARMA Staf Dishub Kabupaten Kediri mengirimkan foto suasana yang ada di kawasan Simpang Lima Gumul (SLG) Kediri ramai pengunjung. Warga banyak yang melihat pameran UMKM dalam rangka Hari Jadi Kabupaten Kediri ke-1214 di sana. (mif)"
292707369.0,RadioANDIKA,2018-03-24 14:24:31,,,"Radio ANDIKA 21.22
Waspada Simpang Lima Gumul Kediri dan Pertigaan Kantor Bupati Kediri terjadi kepadatan.
IPDA JUMALI RAGIL - Command Center Polres Kediri, ON AIR di Dermaga Raya Radio ANDIKA menginformasikan Perempatan... https://t.co/2nQWyePxjr"
2424832381.0,ATCSKotaSMG,2018-03-24 13:35:25,,,20.28 WIB dr pandanaran ke simpang lima terpantau ramai bergerak lancar #lalinSMG https://t.co/poIOVgv7HJ
81825081.0,handokogombezt,2018-03-24 13:24:52,-7.81595,112.02128,Darren sama kakaknya .. @ Simpang Lima Gumul Kediri https://t.co/fZ2N4PF5em
2176168070.0,newplbsfm,2018-03-24 12:55:20,,,"Hai Rekan Muda!!!!
Besok kita bakal ada di CFD Simpang Lima Semarang lohh!! Yuk pada dateng yg‚Ä¶ https://t.co/LK4zblMhu7"
245297784.0,galaksiar,2018-03-24 12:50:45,,,"Hai Rekan Muda!!!!
Besok kita bakal ada di CFD Simpang Lima Semarang lohh!! Yuk pada dateng yg‚Ä¶ https://t.co/AClA3HYMwp"
373329068.0,Fury_Romadhoni,2018-03-24 01:34:38,,,"Alhamdulillah bisa jalan"" malam lagi üòò mumpung masih ber 2 dan mumpung belum ber 3 dan seterusnya...
üòçüòçüòç ‚Äî di Simpang Lima Gumul Kediri https://t.co/nz60CBvqHX"
240683693.0,LitaShan,2018-03-23 16:23:55,-6.99047036,110.42298857,üòöüòôü§óüíëüë©‚Äç‚ù§Ô∏è‚Äçüë®üëåüèªüíòüíñüíó @ Simpang Lima Semarang https://t.co/sJ4MOB8ae1
34859589.0,japrahere,2018-03-23 13:00:35,-6.99087,110.42356,At Simpang Lima Food Festival ‚Äî https://t.co/2ARglhdeRN
9.014988150264054e+17,sendy66487362,2018-03-23 06:53:24,,,"Selamat siang' izin suhu lagi di Semarang Simpang lima' ada yg mau massge WA-081213144744
@pijitkebugaran @pijtsensual @pijitvitaliti @pijitsehat @pijitpasutri @pijitcapekkk https://t.co/rkeUDXG5cv"
101494663.0,infobdg,2018-03-23 00:39:28,,,#lalinBDG 07.35: Simpang Lima (Braga) mulai dipadati kendaraan. Lalu lintas ramai lancar https://t.co/9xQtwTvid0
2271581856.0,calonanakfkui,2018-03-22 14:51:51,,,"@askmenfess Ini pendapat anak rantau:
-Panasnya sampe bikin pusing.
-Macetnya gak separah Jakarta, sebentaran doang.
-Udaranya masih seger 
-Makanannya enak2 di simpang lima, murmer."
9.761076064512246e+17,Prabujagat3,2018-03-22 14:32:57,,,Simpang lima jatim https://t.co/Vh10sVSaev
7.937060977773896e+17,yuhrianaluluk,2018-03-22 08:33:17,-6.99047036,110.42298857,üòòüòòüòçüòç @ Simpang Lima Semarang https://t.co/S3uYB210hU
105150125.0,enykureny,2018-03-22 05:08:49,-7.81577017,112.06203167,"I'm at Monumen Simpang Lima Gumul in Kediri, Indonesia https://t.co/7tbPNnBam6 https://t.co/oWrSVx4cVE"
2424832381.0,ATCSKotaSMG,2018-03-22 03:21:08,,,10.18 WIB Lalin di Kawasan Simpang Lima terpantau ramai lancar dr segala arah .slalu hati2 &amp; patuhi rambu lalin #lalinSMG https://t.co/p4y608dlZb
2424832381.0,ATCSKotaSMG,2018-03-22 03:19:00,,,10.14 WIB Lalin di Simp Gajah Mada terpantau ramai lancar dr jl Simpang Lima.slalu hati2 &amp; patuhi rambu lalin #lalinSMG https://t.co/o7QYyPkvfU
706387548.0,DzillaNurizz,2018-03-22 02:55:53,-6.98888,110.42561,At Simpang Lima Residence ‚Äî https://t.co/fK26mOlw5h
348209280.0,andriZ026G,2018-03-22 02:04:21,-7.1995299,107.8876442,"Cocoretan simpang lima
Garut
Jawa Barat 
Indonesia 
*
*
*
*
*
#landscape #landscapephotography‚Ä¶ https://t.co/BfuIucnzpJ"
2383285051.0,mbakyublogger,2018-03-21 13:35:10,,,"‚ÄúDi grand final nanti di Simpang Lima Semarang akan ada Bintang tamu dari akmil dan akpol,‚Äù ungkapnya. #WonosoboTMBC2018"
2383285051.0,mbakyublogger,2018-03-21 13:35:08,,,"Tiga grup finalis tersebut akan mengikut babak final pada 1 April mendatang di simpang lima Semarang. Ketiga Finalis adalah Marching Band  SMK Kesdam Magelang, Marching Band Gema Kartika SMK Temanggung, dan Marching Band SMA N Watumalang Wonosobo. #WonosoboTMBC2018"
175431846.0,ariemessi,2018-03-21 04:28:44,,,"Yth Bp @hendrarprihadi, apakah tulisan Semarang Hebat di Simpang Lima sesuai instruksi dari Bapak ? Mohon maaf pak, pengerjaannya terkesan asal asalan. https://t.co/K7KoAHGqVp"
2424832381.0,ATCSKotaSMG,2018-03-21 02:39:58,,,09.40 WIB Lalin Kawasan Simpang Lima terpantau relatif lancar dr Jl.Pandanaran #lalinSMG https://t.co/siOgIfjDok
2424832381.0,ATCSKotaSMG,2018-03-21 02:30:02,,,"09.29 WIB Lalin Simp Gajah Mada terpantau ramai lancar dr arah Simpang Lima, tetap hati2 &amp; patuhi marka jalan #lalinSMG https://t.co/mntZNlKUht"
2244765668.0,PoeDiana,2018-03-20 12:40:48,,,I liked a @YouTube video https://t.co/EzsFsErSUV KOMPAK !! Skuad PSIS Hepi-hepi di E Plaza Simpang Lima Semarang
2244765668.0,PoeDiana,2018-03-20 12:39:36,,,KOMPAK !! Skuad PSIS Hepi-hepi di E Plaza Simpang Lima Semarang https://t.co/EzsFsErSUV
2244765668.0,PoeDiana,2018-03-20 12:36:58,,,I added a video to a @YouTube playlist https://t.co/EzsFsErSUV KOMPAK !! Skuad PSIS Hepi-hepi di E Plaza Simpang Lima Semarang
106059500.0,the_froqq,2018-03-20 09:06:36,,,@satriaoo di simpang lima Kediri ini maah
9.133496059615642e+17,RMaumere,2018-03-20 08:26:19,,,Kemudian setelah selesai mengunjungi posko Relawan Simpang Lima  Kang Anton melanjutkan perjalanan ke Desa Samarang  Kecamatan Samarang Kabupaten Garut bertempat di Ponpes Azzawiyah #KitaHasanah #JabarHasanah2aja
9.133496059615642e+17,RMaumere,2018-03-20 08:26:19,,,‚ÄúApalagi 7 program unggulanya sangatlah mementingkan kepedulian masyarakat kecil di Jabar ‚Äù ungkap Agus saat ditemui di posko Relawan Simpang Lima  Minggu(25/2) #KitaHasanah #JabarHasanah2aja PDI_Perjuangan DPD_PDIP_JABAR BPPemiluPDIP hasanah_jabar NHY_KabBekasi persib
9.086102392006164e+17,rabiq8888,2018-03-20 08:25:08,,,Kemudian setelah selesai mengunjungi posko Relawan Simpang Lima  Kang Anton melanjutkan perjalanan ke Desa Samarang  Kecamatan Samarang Kabupaten Garut bertempat di Ponpes Azzawiyah #KitaHasanah #JabarHasanah2aja
9.086102392006164e+17,rabiq8888,2018-03-20 08:24:46,,,‚ÄúApalagi 7 program unggulanya sangatlah mementingkan kepedulian masyarakat kecil di Jabar ‚Äù ungkap Agus saat ditemui di posko Relawan Simpang Lima  Minggu(25/2) #KitaHasanah #JabarHasanah2aja @PDI_Perjuangan @DPD_PDIP_JABAR @BPPemiluPDIP @hasanah_jabar @NHY_KabBekasi @persib
9.133496059615642e+17,RMaumere,2018-03-20 08:24:23,,,Ketua Relawan Simpang Lima  Agus Salam mengatakan  bahwa masyarakat Kabupaten Garut sepenuhnya mendukung Kang Anton untuk maju di Pilkada Jabar priode 2018-2023 #KitaHasanah #JabarHasanah2aja PDI_Perjuangan DPD_PDIP_JABAR BPPemiluPDIP hasanah_jabar NHY_KabBekasi persib
9.086102392006164e+17,rabiq8888,2018-03-20 08:24:04,,,Ketua Relawan Simpang Lima  Agus Salam mengatakan  bahwa masyarakat Kabupaten Garut sepenuhnya mendukung Kang Anton untuk maju di Pilkada Jabar priode 2018-2023 #KitaHasanah #JabarHasanah2aja @PDI_Perjuangan @DPD_PDIP_JABAR @BPPemiluPDIP @hasanah_jabar @NHY_KabBekasi @persib
9.62230401480577e+17,Anita_Putri88,2018-03-20 08:14:20,,,Kemudian setelah selesai mengunjungi posko Relawan Simpang Lima  Kang Anton melanjutkan perjalanan ke Desa Samarang  Kecamatan Samarang Kabupaten Garut bertempat di Ponpes Azzawiyah #KitaHasanah #JabarHasanah2aja
9.62230401480577e+17,Anita_Putri88,2018-03-20 08:13:59,,,‚ÄúApalagi 7 program unggulanya sangatlah mementingkan kepedulian masyarakat kecil di Jabar ‚Äù ungkap Agus saat ditemui di posko Relawan Simpang Lima  Minggu(25/2) #KitaHasanah #JabarHasanah2aja @PDI_Perjuangan @DPD_PDIP_JABAR @BPPemiluPDIP @hasanah_jabar @NHY_KabBekasi @persib
9.62230401480577e+17,Anita_Putri88,2018-03-20 08:13:16,,,Ketua Relawan Simpang Lima  Agus Salam mengatakan  bahwa masyarakat Kabupaten Garut sepenuhnya mendukung Kang Anton untuk maju di Pilkada Jabar priode 2018-2023 #KitaHasanah #JabarHasanah2aja @PDI_Perjuangan @DPD_PDIP_JABAR @BPPemiluPDIP @hasanah_jabar @NHY_KabBekasi @persib
9.08215392773931e+17,tong_sancong,2018-03-20 08:10:29,,,Kemudian setelah selesai mengunjungi posko Relawan Simpang Lima  Kang Anton melanjutkan perjalanan ke Desa Samarang  Kecamatan Samarang Kabupaten Garut bertempat di Ponpes Azzawiyah #KitaHasanah #JabarHasanah2aja
9.08215392773931e+17,tong_sancong,2018-03-20 08:10:07,,,‚ÄúApalagi 7 program unggulanya sangatlah mementingkan kepedulian masyarakat kecil di Jabar ‚Äù ungkap Agus saat ditemui di posko Relawan Simpang Lima  Minggu(25/2) #KitaHasanah #JabarHasanah2aja @PDI_Perjuangan @DPD_PDIP_JABAR @BPPemiluPDIP @hasanah_jabar @NHY_KabBekasi @persib
9.08215392773931e+17,tong_sancong,2018-03-20 08:09:24,,,Ketua Relawan Simpang Lima  Agus Salam mengatakan  bahwa masyarakat Kabupaten Garut sepenuhnya mendukung Kang Anton untuk maju di Pilkada Jabar priode 2018-2023 #KitaHasanah #JabarHasanah2aja @PDI_Perjuangan @DPD_PDIP_JABAR @BPPemiluPDIP @hasanah_jabar @NHY_KabBekasi @persib
8.543958026046423e+17,zakariayahya587,2018-03-20 08:04:18,,,Kemudian setelah selesai mengunjungi posko Relawan Simpang Lima  Kang Anton melanjutkan perjalanan ke Desa Samarang  Kecamatan Samarang Kabupaten Garut bertempat di Ponpes Azzawiyah #KitaHasanah #JabarHasanah2aja
8.543958026046423e+17,zakariayahya587,2018-03-20 08:03:58,,,‚ÄúApalagi 7 program unggulanya sangatlah mementingkan kepedulian masyarakat kecil di Jabar ‚Äù ungkap Agus saat ditemui di posko Relawan Simpang Lima  Minggu(25/2) #KitaHasanah #JabarHasanah2aja @PDI_Perjuangan @DPD_PDIP_JABAR @BPPemiluPDIP @hasanah_jabar @NHY_KabBekasi @persib
8.543958026046423e+17,zakariayahya587,2018-03-20 08:03:14,,,Ketua Relawan Simpang Lima  Agus Salam mengatakan  bahwa masyarakat Kabupaten Garut sepenuhnya mendukung Kang Anton untuk maju di Pilkada Jabar priode 2018-2023 #KitaHasanah #JabarHasanah2aja @PDI_Perjuangan @DPD_PDIP_JABAR @BPPemiluPDIP @hasanah_jabar @NHY_KabBekasi @persib
71808063.0,bintoroadhi,2018-03-20 04:25:51,,,@winarnohadijoyo Wah nek kui jahat om jalan-jalan ndelok kutho dewe. Rakyate kan yo pengen jalan-jalan neng simpang lima juga.
254645790.0,RTMCPoldaJateng,2018-03-20 01:09:11,,,"08.07 WIB situasi arus lalu lintas simpang lima semarang kearah pandanaran,pahlawan,gajah mada lancar,tetap patuhi rambu-rambu lalu lintas,. https://t.co/U8Bns29CgU"
7.523843886718116e+17,RinaOmihimo,2018-03-19 21:55:35,,,"Simamat beli katun ke simpang Lima, sampenya Beli Es duren
Slmt Ultah ke 25 ANTV KEREN!
beli bunga bli kebaya belinya di buahBatu. Semoga makin berjaya dan Nomor Satu #INDONESIAKEREN3 @whatsonANTV @beRna_vin https://t.co/EtRH6K8K7w"
2772180126.0,interpeace2,2018-03-19 10:59:09,-7.75614028,112.18826451,"Belum ke Kampung Inggris Pare ,kalau belum mampir ke Icon Kota Kediri SIMPANG LIMA GUMUL Kediri‚Ä¶ https://t.co/CXFxniQJbF"
1129813171.0,kppsmggayamsari,2018-03-19 08:04:20,,,"Sore #KawanPajak

Taxmin mau kasih info nih.
@PajakJateng1 mulai hari ini sd 29 Maret 2018 ada Gerai Pajak di Java Mall dan Plaza Simpang Lima khusus untuk Aktivasi/Cetak Ulang EFIN &amp; Lapor SPT Tahunan dan e-Filing. Ada konsultasi perpajakan juga.

Ngemall pun bisa lapor SPT lho. https://t.co/JYXllNiyZO"
2783712997.0,PajakJateng1,2018-03-19 04:50:39,,,"Lupa cara isi SPT Tahunan eFiling, Lupa Password dan butuh eFin, atau mau konsultasi seputar perpajakan lainnya ?
.
Datang dan kunjungi Gerai Pajak SPT Tahunan eFiling di Plaza Simpang Lima dan Java Mall Semarang mulai 19 s.d. 29 Maret 2018 pukul 10.00 - 14.00 WIB.
.
#geraipajak https://t.co/hf1AmxyBmA"
240131346.0,sorayaazah,2018-03-19 04:42:59,-6.98902739,110.42256861,Maksi kita hari inihh... @ Masjid Raya Baiturrahman Simpang Lima‚Ä¶ https://t.co/kmwlQ2i20p
101494663.0,infobdg,2018-03-19 03:39:15,,,#lalinBDG 10.38: SImpang Lima terpantau ramai lancar https://t.co/BHIH2vzih7
254645790.0,RTMCPoldaJateng,2018-03-19 03:32:11,,,"10.28 WIB situasi arus lalu lintas terminal simpang lima semarang ramai lancar,tetap patuhi rambu-rambu lalu lintas. https://t.co/pT20YowDMx"
442462284.0,Anggarda08,2018-03-18 23:55:29,,,@Nhanahalfaruq @abdunsalam Matahari di simpang lima gak ada rute muternya mak wkwk
101494663.0,infobdg,2018-03-18 23:22:04,,,#lalinBDG 06.21: Simpang Lima ramai lancar https://t.co/i5pxvIuxIH
9.44256264715903e+17,kearifanlokal1,2018-03-27 14:32:59,,,Saya menambahkan video ke playlist @YouTube https://t.co/WawK3kWUHk halo brown canyon
194863138.0,Ulinnh_,2018-03-27 13:28:05,,,"@gisaelnuari Sayangnya aku belum pernah ke brown canyon, jadi gatau üòî"
9.44256264715903e+17,kearifanlokal1,2018-03-25 01:00:30,,,halo brown canyon: https://t.co/WawK3kFjiK melalui @YouTube
521186175.0,Very_puwpuw,2018-03-20 04:54:53,-7.04722214,110.48222351,"Baru saja mengirim foto @ Brown Canyon, Semarang https://t.co/ReL9WFJkCX"
9.641737502864794e+17,AlwiAlwi20,2018-03-18 15:33:03,,,Brown Canyon
1406782117.0,LawangSewuSMG,2018-03-28 23:09:48,,,Skema Asli Lawang Sewu https://t.co/PZpPGRK1Zh
1406782117.0,LawangSewuSMG,2018-03-28 14:09:48,,,Locomotiv depan Lawang Sewu https://t.co/AgFQttpS9B
1406782117.0,LawangSewuSMG,2018-03-28 11:09:47,,,Blueprint Lawang Sewu https://t.co/yL3f4kBqDM
1406782117.0,LawangSewuSMG,2018-03-28 08:09:45,,,Basement Lawang Sewu https://t.co/ZEwaWB5F2f
1939760702.0,kyriz_ayu,2018-03-28 05:57:55,-6.98398874,110.41065376,Just posted a photo @ Lawang Sewu https://t.co/6sjVct2wBh
1406782117.0,LawangSewuSMG,2018-03-28 05:09:53,,,Awalnya lawang sewu didirikan untuk digunakan sebagai Het Hoofdkantoor van de Nederlansch Indische Spoorweg Maatscappij (NIS)
1406782117.0,LawangSewuSMG,2018-03-28 02:09:46,,,"Lawang Sewu adalah salah satu bangunan bersejarah yang dibangun oleh pemerintahan kolonial Belanda, pada 27 Februari 1904."
127756257.0,dotsemarang,2018-03-28 00:32:45,,,"[Video] Selamat hari Rabu, posting Instagram kami hari ini dari Lawang Sewu.

Kira-kira kenapa pemandu ini mengatakan ulang-ulang? Versi panjangnya &gt; https://t.co/Fandfs8mok 
#Semarang #dotsemarang 
#videodotsemarang https://t.co/0FaBfnzsWe"
1406782117.0,LawangSewuSMG,2018-03-27 23:09:48,,,"lawang sewu dulu menjadi lokasi pertempuran yang hebat antara pemuda AMKA / Angkatan Muda Kereta Api melawan Kempetai dan Kidobutai, Jepang"
59979374.0,masdhafm,2018-03-27 15:22:43,,,"Satu tempat paling angker di Indonesia nih, Sobat Muda, ada Lawang Sewu
Waduh emang serem banget ya gedung-gedung peninggalan Belanda tuh
Boleh lah kalo mau rumah hantu yang ga fake ke sini aja

#KotakMimpi https://t.co/ECMYo8kfQC"
1406782117.0,LawangSewuSMG,2018-03-27 14:09:47,,,Pada masa perjuangan gedung ini memiliki catatan sejarah tersendiri yaitu ketika berlangsung peristiwa Pertempuran lima hari di Semarang #lawangsewu
131048569.0,ayushabrina94,2018-03-27 13:12:24,,,"Pagi dapat data,sore kita wisata,katanya sih mumpung lagi di Jawa üòÇüòÖ  @kikirizkiih @ Lawang Sewu https://t.co/LvthSTU71k"
122288501.0,yaniswinata,2018-03-27 12:32:11,-6.98398874,110.41065376,"Lawange akeh 
#shyaniistory#exploresemarang#lawangsewu#semarang#aslisemarang @ Lawang Sewu https://t.co/p0jDWYawQm"
1406782117.0,LawangSewuSMG,2018-03-27 11:09:47,,,Tahukah kamu Lawang Sewu pernah dipakai sebagai Kantor Badan Prasarana Komando Daerah Militer (Kodam IV/Diponegoro)
1406782117.0,LawangSewuSMG,2018-03-27 08:09:44,,,sekarang Lawang Sewu dikelola oleh PT Kereta Api Indonesia #lawangsewuSMG
1406782117.0,LawangSewuSMG,2018-03-27 05:09:46,,,Bangunan kuno dan megah berlantai dua ini setelah kemerdekaan dipakai sebagai kantor Djawatan Kereta Api Repoeblik Indonesia (DKARI). #lawangsewu
303234789.0,BIGREDS_SMG,2018-03-27 03:13:59,,,"Apa lagi coba?
Mau foto biduanya juga?
Datang aja langsung biar kalian makin penasaran kek apa cantiknya biduan di acara nanti
Hehehe
Reza lawang sewu mah lewat
Karna kita punya Siti Grejoblenduk dan Anita guwo kreo.."
1406782117.0,LawangSewuSMG,2018-03-26 23:09:48,,,Masyarakat setempat menyebutnya Lawang Sewu (Seribu Pintu) dikarenakan bangunan tersebut memiliki pintu yang sangat banyak.
1900559924.0,Norma_dwksr,2018-03-26 16:54:12,,,di Lawang Sewu Semarang https://t.co/W8cm2MCbdb
1406782117.0,LawangSewuSMG,2018-03-26 14:09:46,,,Lawang Sewu dibangun pada tahun 1904 dan selesai pada tahun 1907. Terletak di bundaran Tugu Muda yang dahulu disebut Wilhelminaplein.
1406782117.0,LawangSewuSMG,2018-03-26 11:09:48,,,"Lawang Sewu merupakan sebuah gedung di Semarang, Jawa Tengah yang merupakan kantor dari Nederlands-Indische Spoorweg Maatschappij atau NIS"
1406782117.0,LawangSewuSMG,2018-03-26 08:09:44,,,Old Picture of Lawang Sewu in 1930. #lawangsewufoto https://t.co/4NfTH3tHyc
383605082.0,RasyidTakries,2018-03-26 07:04:44,,,Bukan lawang sewu https://t.co/mibdySaiJr
350272771.0,mang_chai,2018-03-26 06:01:51,-6.98398874,110.41065376,4 Mozaik kaca disalah satu sisi Gedung Lawang Sewu. Menurut sejarah mozaik tsb di buat oleh‚Ä¶ https://t.co/QHUSUHEvoZ
1406782117.0,LawangSewuSMG,2018-03-26 05:09:46,,,Lawang Sewu tempo doeloe. Ada kereta api lewat juga di depannya. https://t.co/vPezFatPCU
2154342584.0,Ayonaikbiscom,2018-03-26 03:01:51,,,"Regrann from @odethaj_ -  Selamat Pagi,Selamat beraktivitas:) Inf: Galatamaüöå
Lok: Lawang Sewu,Semarang

#sukafotobis #ayonaikbiscom #ladybisser #ladybustraveler #mybusmyadventure #repostbusindo  #galeribusindonesia #fotobuskita  #buslikeagirl #bidadaribus #gadis_bus_id  #pog‚Ä¶ https://t.co/6KynqYHciQ"
1406782117.0,LawangSewuSMG,2018-03-26 02:09:45,,,"Menurut catatan sejarah, 5 Pegawai AMKA dipancung di area Lawang sewu pada masa revolusi '45"
76876632.0,dontbesyai,2018-03-26 02:00:35,-6.98398874,110.41065376,"The flare. 

#picsart #lawangsewu #semarang @ Lawang Sewu https://t.co/khR0oiTVkk"
209980103.0,deadheblonk,2018-03-26 00:20:47,-6.98398874,110.41065376,Just posted a photo @ Lawang Sewu https://t.co/BrpRfIEyfk
600792637.0,aryaafakhri,2018-03-25 18:07:13,,,01.06 Raisa lawang sewu
474689540.0,panjiiasmoro,2018-03-25 15:48:00,-6.98398874,110.41065376,"Selamat Malam Semarang....!!! 

#jalanjalanmalam @ Lawang Sewu https://t.co/ifpndgcLg8"
474689540.0,panjiiasmoro,2018-03-25 15:43:04,-6.98368,110.40998,At Lawang Sewu ‚Äî https://t.co/sGBT70WwZ3
474689540.0,panjiiasmoro,2018-03-25 15:17:20,-6.98383,110.41053,At Lawang Sewu ‚Äî https://t.co/cAOiQ85PHz
491124093.0,liez_alone,2018-03-25 13:29:59,-6.98398874,110.41065376,Banyak PINTU üòÖ @ Lawang Sewu https://t.co/2o6Q51FkcK
76876632.0,dontbesyai,2018-03-25 09:29:18,-6.98398874,110.41065376,"Just. Me.

#vsco #vscocam #vscodaily #vscoindonesia #vscox #lawangsewu #semarang @ Lawang Sewu https://t.co/YsG3sT9Pka"
76876632.0,dontbesyai,2018-03-25 09:15:45,-6.98398874,110.41065376,"Me. Again.

#vsco #vscocam #vscodaily #vscoindonesia #vscox #lawangsewu #semarang @ Lawang Sewu https://t.co/ujBeg3DVp0"
491124093.0,liez_alone,2018-03-25 09:10:17,-6.98387,110.41087,At Lawang Sewu [pic] ‚Äî https://t.co/OpWUItEOgP
76876632.0,dontbesyai,2018-03-25 08:55:29,-6.98398874,110.41065376,"Me.

#vscox #vsco #vscocam #vscodaily #vscoindonesia #lawangsewu #semarang @ Lawang Sewu https://t.co/4X7GVKtCJM"
3305110574.0,onejuly17,2018-03-24 22:38:37,,,#lawangsewu https://t.co/bERtjEhztS
238504171.0,cah_b_agoes,2018-03-24 12:33:58,,,Saya suka video @YouTube https://t.co/OKzxgxdNJD REZA LAWANG SEWU HOT~ Pokok'e joget
1406782117.0,LawangSewuSMG,2018-03-24 11:09:47,,,"Terletak di sisi Timur @TuguMudaSMG (Wilhelminaplein), atau di sudut Jl. Pandanaran dan Jl. Pemuda #LawangSewu https://t.co/jRMiua0ZXm"
1406782117.0,LawangSewuSMG,2018-03-24 08:09:45,,,"Di lantai tiga #lawangsewu, ada ruangan besar berjendela yg dulu djadikan tmpt olahraga bgi pegawai NIS. Aula ini dilengkapi dengan toilet."
93876513.0,yogasanjaya,2018-03-24 05:13:36,-6.98398874,110.41065376,"Gedung ini usianya 111 tahun. Lawang Sewu milik PT. Kereta Api Indonesia
‚Ä¢
#lawangsewu #semarang‚Ä¶ https://t.co/Fzfp1OhB8m"
1406782117.0,LawangSewuSMG,2018-03-24 05:09:46,,,Di lantai dua trdpt aula bsar yg dlu dgnakan sbg ruang pesta. Di sudut aula trpasang wastafel yg sudah ada sjak prtma kali #lawangsewu dbgn.
1406782117.0,LawangSewuSMG,2018-03-24 02:09:46,,,Kaca jendela di lantai dua #lawangsewu dibuat terbalik untuk menghindari air hujan agar tidak masuk.
442954435.0,leonwical,2018-03-24 00:15:33,-6.98398874,110.41065376,"Berasa jadi turis di kota sendiri üòÇ
üì∑by : agnesa.yu @ Lawang Sewu https://t.co/JeTqh6aaSu"
442954435.0,leonwical,2018-03-24 00:14:05,-6.98398874,110.41065376,"Berasa jadi turis di kota sendiri üòÇ
üì∑by : agnesa.yu @ Lawang Sewu https://t.co/djzDQxRzem"
1406782117.0,LawangSewuSMG,2018-03-23 23:09:48,,,"Selain berfungsi sebagai penjara, uap dari ruang bawah tanah #lawangsewu juga berguna untuk pendingin ruang di atasnya."
1406782117.0,LawangSewuSMG,2018-03-23 14:09:47,,,#LawangSewu sekarang dikelola oleh PT KAI (Kereta Api Indonesia) sebagai musium perkereta apiaan ke-2 di Semarang setelah Musium Ambarawa.
1406782117.0,LawangSewuSMG,2018-03-23 11:09:47,,,Ornamen kaca patri #lawangsewu adalah kaca patri termewah pada zaman dulu yang didisain khusus dengan filosofi kejayaan Kereta Api.
86473707.0,epiiin,2018-03-23 08:30:22,-6.97184,110.41253,At Lawang Sewu [pic] ‚Äî https://t.co/uqJ2NCScr3
1406782117.0,LawangSewuSMG,2018-03-23 08:09:45,,,#lawangsewu diresmikan pada tanggal 1 Juli 1907.
1406782117.0,LawangSewuSMG,2018-03-23 05:09:48,,,"Selain dijadikan setting untuk film ayat-ayat cinta, #lawangsewu pernah juga dibuatkan film khusus brjdul #lawangsewu - dendam kuntilanak."
3404914753.0,bayuketjil_,2018-03-23 00:24:36,-6.98398874,110.41065376,OH TERNYATA! üò± @ Lawang Sewu https://t.co/Cgtx7zghkM
1406782117.0,LawangSewuSMG,2018-03-22 23:09:47,,,blueprint #LawangSewu bertuliskan dibangun th 1903 dan kelengkapan gambar ditandatangi di Amsterdam pada tahun 1903 pula.
1406782117.0,LawangSewuSMG,2018-03-22 14:09:47,,,"Meskipun bangunan #lawangsewu tercatat dibangun pada tahun 1904, sebenarnya lawang sewu sudah direncanakan sejak tahun 1903."
86011595.0,yuliyaks_,2018-03-22 13:39:46,-6.98398874,110.41065376,Baru saja mengirim foto @ Lawang Sewu https://t.co/qy2NiDOF9t
183543048.0,fiestaradio_,2018-03-22 13:10:52,,,"Tempat-tempat tertentu biasanya sering dijadiin ikon mistis. Dan di Indonesia, ada Lawang Sewu yang emang udah lama dijadiin tempat uji nyali Intelektual Muda. Karena Lawang Sewu pernah jadi tempat penyiksaan dan pembunuhan di jaman penjajahan. #AngkringanFiesta"
1406782117.0,LawangSewuSMG,2018-03-22 11:09:48,,,"#lawangsewu dibangun oleh arsitektur Belanda: Prof. Jacob F. Klinkhamer (TH Delft) dan B.J. Ouendag, proses perancangan dilakukan di Belanda"
65785556.0,anuz_noze,2018-03-22 10:20:03,-6.98398874,110.41065376,"When in Semarang..
.
.
.
#semarang #lawangsewu #travelling #traveler #sky #building‚Ä¶ https://t.co/aG4oo1313A"
442954435.0,leonwical,2018-03-22 09:12:24,-6.98398874,110.41065376,"Ceritanya lagi candid gitoh wkwkwk
üì∑by : agnesa.yu @ Lawang Sewu https://t.co/l3P2uQbwMw"
442954435.0,leonwical,2018-03-22 09:11:09,-6.98398874,110.41065376,"Ceritanya lagi candid gitoh wkwkwk 
üì∑by : agnesa.yu @ Lawang Sewu https://t.co/hU9CkK2ecy"
115857720.0,Annichut,2018-03-22 07:54:17,,,"@munfess Semarang kaline banjir. Ora ding. Wingko babat, bandeng presto, lawang sewu"
1413075920.0,OrmagaZenal,2018-03-22 04:21:30,-6.98398874,110.41065376,"Aku merasakan dapat sambutan dengan baik ""Lawang Sewu"" üôè

Take foto üì∑ : @lydiahamidina‚Ä¶ https://t.co/dkT3BbZmpJ"
75747262.0,Maqorong,2018-03-22 03:12:10,,,@ShaniBudi jadi ingat Museum Mandala Bhakti Semarang yg kata petugasnya mempunyai lorong bawah tanah menuju Gedung Lawang Sewu dan SMA 3 Semarang (cmiiw)
1406782117.0,LawangSewuSMG,2018-03-22 02:09:45,,,"Bangunan #lawangsewu ini dilengkapi dgn ballroom, ruang makan, gdng serbaguna hngga gdng prtunjukan berbentuk bahtera terbalik dlantai atas."
265722967.0,dkshin506,2018-03-22 00:55:00,-6.98398874,110.41065376,"Momen bareng berdua 
Rindu jagoan #alif @ Lawang Sewu https://t.co/wV7fbmzkkR"
1406782117.0,LawangSewuSMG,2018-03-21 23:09:48,,,"[INFO] HTM masuk #Lawangsewu: 10rb (dwsa), 5rb (ank2). 30rb (Guide per-Rombongan). HTM Bawah tanah: 10rb (dwsa), 20rb (Guide per-Rombongan)."
313969487.0,dantes____,2018-03-21 14:25:07,-6.98398874,110.41065376,Be childlike. Not childish @ Lawang Sewu https://t.co/Igy4FsLrcV
1406782117.0,LawangSewuSMG,2018-03-21 14:09:46,,,#Lawangsewu merupakan salah satu dari 102 bagunan kuno atau bersejarah di Semarang yang patut dilindungi.
1406782117.0,LawangSewuSMG,2018-03-21 11:09:47,,,Terowongan bunker #lawangsewu yang menyambung ke SMANSA di duga terhubung juga ke bungker misterius yang berada di RS Kariadi.
1406782117.0,LawangSewuSMG,2018-03-21 08:09:45,,,#lawangsewu juga pernah sempat digunakan sebagai kantor pemerintahan pasca Indonesia merdeka.
1406782117.0,LawangSewuSMG,2018-03-21 05:09:45,,,#lawangsewu lah saksi bisu atas sejarah pertempuran 5 hari di Semarang.
1406782117.0,LawangSewuSMG,2018-03-21 02:09:47,,,#lawangsewu pernah digunakan sebagai penjara bawah tanah oleh serdadu Jepang.
954984702.0,TauDotCom,2018-03-21 00:32:12,,,"Lawang Sewu, Indonesia merupakan tempat terseram kedua di Asia versi acara 'I Wouldn't Go In There'. [NatGeo]"
1406782117.0,LawangSewuSMG,2018-03-20 23:09:47,,,#lawangsewu yang terletak di depan Jalan Raya Pos Daendels ini digunakan sebagai kantor pusat NIS dan tempat tinggal pegawai Belanda.
1064293897.0,yordaanwar_,2018-03-20 16:05:52,,,"@raadini Wisata semarang selain cimory, kota lama, lawang sewu Apa lagi?"
1629941161.0,NurAb_d,2018-03-20 15:16:47,-6.96667,110.417,"Sedikit horor sih karena blur, hehe.
üìç Lawang Sewu lt. 3, Semarang.

#semarang #semaranghits‚Ä¶ https://t.co/MVjuOPaqlz"
1629941161.0,NurAb_d,2018-03-20 15:14:30,-6.98398874,110.41065376,"Lawang Sewu lt. 3, Semarang.
Males nulis caption.

#semarang #semaranghits #exploresemarang‚Ä¶ https://t.co/uDxcTiRtBG"
1406782117.0,LawangSewuSMG,2018-03-20 14:09:47,,,"#LawangSewu memiliki sistem pendingin air di bawah lantai, dan di atap. Itulah fungsi utama basement #lawangsewu https://t.co/ipAodzikgG"
1406782117.0,LawangSewuSMG,2018-03-20 08:09:45,,,#lawangsewu berada di ujung Bodjongweg atau yang sekarang dikenal dengan nama Jalan Pemuda
261085990.0,nurfitriyani09,2018-03-20 06:20:53,-6.98398874,110.41065376,Lawang Sewu‚úî @ Lawang Sewu https://t.co/0WN9WbwQpw
1406782117.0,LawangSewuSMG,2018-03-20 05:09:46,,,dulu #lawangsewu bernama Het Hoofdkantoor van de Nederlansch Indische Spoorweg Maatscappij (NIS)
1406782117.0,LawangSewuSMG,2018-03-20 02:09:45,,,pada masanya #lawangsewu merupakan Kantor Pusat Perusahan Kereta Api Swasta NIS
1406782117.0,LawangSewuSMG,2018-03-19 23:09:48,,,#lawangsewu didirikan karena jaringan kereta api di Jawa dan jumlah pegawainya yang berkembang pesat memerlukan kantor baru yang lebih luas.
65882277.0,veiLoveita,2018-03-19 22:54:43,-6.98398874,110.41065376,üö™ #latepost #lawangsewu #exploresemarang @ Lawang Sewu https://t.co/4oFMmvW6AE
462663145.0,hai_vita,2018-03-19 14:30:01,,,"Kok tiba2 pengin ke #lawangsewu sih...
lagi random banget...

Be still, my mind_"
1228860980.0,HandikoRP,2018-03-19 14:27:53,,,"@adimpil Sudah pernah mampir lawang sewu? Kok kata temenku yang bisa nerawang ato liat gitu, katanya ndak kuat masuk karena energinya gede"
1406782117.0,LawangSewuSMG,2018-03-19 14:09:46,,,#lawangsewu merupakan landmark Kota Semarang yang paling dikenal para turis baik lokal maupun asing
1413075920.0,OrmagaZenal,2018-03-19 13:19:24,-6.98398874,110.41065376,"@OrmagaZenal update jalan malam with friends 

#lawangsewu #semarang #kotasemaeang‚Ä¶ https://t.co/FxNkI03YB0"
1406782117.0,LawangSewuSMG,2018-03-19 11:09:47,,,Bangunan #lawangsewu bergaya art deco dan memiliki 2 menara kembar didepannya.
553513710.0,romiemocka,2018-03-19 11:00:29,,,"Saya suka video @YouTube https://t.co/msWYJpGgXV KIG 100| UJI NYALI DI LAWANG SEWU PAS MALAM HARI! ""ADA PENAMPAKAN"""
2877415502.0,yahyakantum,2018-03-19 10:34:54,-7.05820975,110.31557785,| Seni Lukisan Kaca alias Kaca Patri yang berada di lantai 2 Gedung Lawang Sewu ini merupakan‚Ä¶ https://t.co/TXWhvVFB33
721838514.0,Liaamalia_DFN,2018-03-19 08:24:47,,,Lawang sewu https://t.co/ieHfSLBfw9
1406782117.0,LawangSewuSMG,2018-03-19 08:09:45,,,Skema Asli Lawang Sewu https://t.co/PZpPGRK1Zh
620031512.0,Anggit_ApvZhai,2018-03-19 06:09:05,-6.98398874,110.41065376,Baru saja mengirim foto @ Lawang Sewu https://t.co/AmN5fM9S5j
620031512.0,Anggit_ApvZhai,2018-03-19 06:05:25,-6.98398874,110.41065376,Baru saja mengirim foto @ Lawang Sewu https://t.co/E51FZtXgRS
1406782117.0,LawangSewuSMG,2018-03-19 05:09:45,,,Locomotiv depan Lawang Sewu https://t.co/AgFQttpS9B
1406782117.0,LawangSewuSMG,2018-03-19 02:09:45,,,Blueprint Lawang Sewu https://t.co/yL3f4kBqDM
100153279.0,RahmaMarmut,2018-03-19 02:07:09,,,"Selamat pagi @hendrarprihadi pak saya kemarin keliling semarang di area kota lama, lawang sewu, cfd susah bgt cari tempat sampah, saya jadi maklum bgt sama wisatawan yang ninggalin sampah di trotoar #sedihbatzrasanya"
4890972213.0,smundaslamet45,2018-03-19 00:17:29,,,@LawangSewuSMG wah jadi pengin nyoba lagi petualangan ba'da isya di lorong-lorong Lawang sewu. Jos dan Mantabzüëçüëçüëç
1406782117.0,LawangSewuSMG,2018-03-18 23:09:48,,,Basement Lawang Sewu https://t.co/ZEwaWB5F2f
52859293.0,Gitasayu,2018-03-18 15:42:13,,,"Gw emang fans kebaya2nya Anne Avantie...
Tapi gw ngga ngefens sama vidio anniv 29 taun berkaryanya dia pake adegan keluar dari pintu Lawang Sewu...

Serem anjay -_-"
822971370.0,HazzaMalik1,2018-03-18 15:24:34,,,"Suku kaki panjang

#lawangsewu https://t.co/zurN9Z0UUd"
1406782117.0,LawangSewuSMG,2018-03-18 14:09:47,,,Awalnya lawang sewu didirikan untuk digunakan sebagai Het Hoofdkantoor van de Nederlansch Indische Spoorweg Maatscappij (NIS)
2424832381.0,ATCSKotaSMG,2018-03-28 01:33:54,,,"08.25 WIB Lalin di Kampung Pelangi  terpantau ramai lancar dr jl Dr.Sutomo.cuaca cerah,slalu hati2 &amp; patuhi rambu lalin #lalinSMG https://t.co/spz5Fv35TO"
263711825.0,tribunjateng,2018-03-27 12:53:53,,,"Selain Kampung Pelangi, Taman Kasmaran Jadi Jujukan Wisatawan Ketika di Semarang https://t.co/3z47OPY25I lewat @tribunjateng"
399668537.0,dkarhita,2018-03-27 12:36:33,,,"@aniesbaswedan hihihi, bolehlah meniru kota2 lain yg sdh punya kampung pelangi, sekali promosikan cat... gitu amat sih kamu?"
7.42296197952471e+17,damar_lucky,2018-03-27 03:00:15,,,"@aniesbaswedan @Gerindra Di Semarang uda kemarin2 Pak kalo yang beginian... ""Kampung Pelangi""... bener apa ga Pak @hendrarprihadi ??? üòÅ"
2424832381.0,ATCSKotaSMG,2018-03-26 23:41:41,,,"06.41 WIB Lalin Kampung Pelangi terpantau ramai lancar dr Jl.Dr.Sutomo,  patuhi rambu2 lalin #lalinSMG https://t.co/iLMbcUT2Dp"
60893667.0,jemzamanda,2018-03-26 15:27:42,,,"Kadang kita lupa -atau malah abai- jika tempat wisata yg instagrammable itu juga tempat tinggal, tempat berkegiatan, tempat pribadi penduduknya.

Rasah sok2an, kemaki, kemayu
_
Sebuah Pengingat Selepas Kunjungan ke Kampung Pelangi Semarang https://t.co/56RSl81EiX via @amgasussari"
3260395224.0,masudhadad,2018-03-26 15:01:43,,,#SEMARANG #kampungpelangi #life #view #country https://t.co/UVTw5XWM0N
9.492245115089551e+17,JoglosNews,2018-03-26 06:57:23,,,"Kalahkan Kampung Pelangi, Kampung Mojomulyo Juarai Lomba Peduli Sampah di Kabupaten¬†Sragen https://t.co/qeoEPKnbNZ https://t.co/RkJ6pk06Vo"
7.451300049550295e+17,JatengPwm,2018-03-25 02:07:57,,,"LIVE, ON AIR

Simak Pengajian Menarik
Bersama Ust. Fachrorrozi
Ketua PDM Kota Semarang.

dr Kampung Pelangi Semarang.

Simak di https://t.co/cbOEHVZcGi
atau 107,7 FM untuk yg dikota semarang"
7.98111061752873e+17,portal_crb,2018-03-24 10:18:33,,,Kampung Pelangi Kota Cirebon Siap Rebut ‚ÄúKampung Iklim‚Äù Tingkat Nasional https://t.co/rCOf2VNnGg https://t.co/7TknUvszwu
156228443.0,wisatasemarang,2018-03-24 02:40:41,,,"Kampung Pelangi juga tetap tampak indah dilihat dari ketinggian.
.
Selamat datang para wisatawan yang berakhir pekan di Semarang.
.
Lokasi: Kampung Pelangi #Semarang
Foto IG: yuyungabdi
.
#kampungpelangi #wisatasemarang https://t.co/h5nZ8l040q"
2252927426.0,semarangtvku,2018-03-23 16:18:45,,,Kampung Pelangi mulai sepi pengunjung: https://t.co/UYEQerchMY melalui @YouTube
4886026194.0,HiyotoID,2018-03-23 09:32:54,,,"Bpk Jerry dan Ibu Agnes selaku perwakilan dari PT Rajawali Hiyoto memberikan secara simbolis bantuan CSR kepada Camat Coblong Bpk Dedi yang didampingi lurah Dago untuk pembangunan kampung pelangi 200 di RW 12

#45TahunRajawaliHiyoto#45TahunSanlexMewarnai#Sanlex#KampungPelangi https://t.co/7kVcOVwBeL"
602456975.0,aamaliad,2018-03-23 09:26:36,-6.68761,107.11004,"Looking at you
.
.
.
.
Captured by lulu_parsoon 
#instapurwokerto #vscomood @ Kampung pelangi https://t.co/5dyTV862Ev"
155169715.0,soloposdotcom,2018-03-23 06:21:04,,,Keren! Kampung Baben di Karanggeneng Boyolali Disulap Jadi Kampung Pelangi https://t.co/MtH4Y1pcfm https://t.co/c7psMq6dq1
836769127.0,Flexycoat,2018-03-23 01:59:04,,,"Salah satu program CSR PT Rajawali Hiyoto, ikut serta dalam mendukung pembangunan kampung pelangi 200.
.
.
.
#45TahunRajawaliHiyoto#45TahunSanlexMewarnai#Sanlex#SanlexWonder#SanlexRufcoat#SanlexSintetik https://t.co/JMQidYpIIr"
2424832381.0,ATCSKotaSMG,2018-03-23 00:10:24,,,07.09 WIB Arus lalin di Simp Kampung Pelangi terpantau lancar dr semua arah #LalinSMG https://t.co/uLRltNTAAE
8.834477494876324e+17,fokusjatengcom,2018-03-22 14:19:04,,,"Asyiknya Kampung Pelangi di Ngledoksari, Karanggeneng, Boyolali Kota. Ini Penampakannya‚Ä¶ https://t.co/NBBRileTuG https://t.co/RtXddKxH1O"
739940796.0,InfoTimlo,2018-03-22 13:55:00,,,"Bikin Pangling! Dulu Dikenal Kumuh, Kini Ngledoksari Jadi Kampung Pelangi https://t.co/eDLcIAqndw https://t.co/U5zRt2anub"
69226879.0,timlovers,2018-03-22 13:55:00,,,"Bikin Pangling! Dulu Dikenal Kumuh, Kini Ngledoksari Jadi Kampung Pelangi https://t.co/0Yc1Aj5XVl https://t.co/L9mgASy0ni"
69226879.0,timlovers,2018-03-22 12:40:33,,,"Dulu Dikenal Kumuh, Kini Ngledoksari Jadi Kampung Pelangi https://t.co/2ORqIGnQyl https://t.co/PcNdPykO2Q"
1878473160.0,coblongjitu,2018-03-22 10:49:29,,,"Camat Coblong @dn_dedi didampingi Lurah @Dago_Bersinar, menerima secara Simbolis bantuan CSR dari @SanlexID untuk pembangunan #kampungpelangi di Kampung 200 RW.12 @kelurahandago. #bandungjuara #coblongjitu
.
.
.
@DISBUDPAR_BDG @dpkp3bdg @DiskominfoBdg @HumasBdg @pembdg @PRFMnews https://t.co/AdzdmGXT38"
2424832381.0,ATCSKotaSMG,2018-03-21 00:21:35,,,07.21 WIB Lalin Simp Kampung Pelangi terpantau relatif lancar dr semua arah kaki simpang #lalinSMG https://t.co/ORFGuhgXrH
2424832381.0,ATCSKotaSMG,2018-03-20 01:42:58,,,"8.41 WIB KAMPUNG PELANGI
Lalin terpantau relatif lancar #lalinSMG https://t.co/mnHnOzRNWN"
1035451608.0,jawabarat_info,2018-03-20 00:36:05,,,https://t.co/6qshcYrmmk Menengok kampung Pelangi di pesisir Jakarta - https://t.co/VvqbvlzXi7 https://t.co/2ap0v36VHW
1035451608.0,jawabarat_info,2018-03-20 00:35:40,,,https://t.co/6qshcYrmmk Menengok kampung Pelangi di pesisir Jakarta - https://t.co/VvqbvlzXi7 https://t.co/kskdUQTmTp
22727876.0,okylemon,2018-03-19 06:26:47,,,"Top of view Kampung Pelangi
.
.
#insmg
#insmgjj5 https://t.co/ck9vn45ruK"
22727876.0,okylemon,2018-03-19 06:24:49,,,"Warna warni Kampung Pelangi
.
.
#insmg
#insmgjj5 https://t.co/Iq9fpcYJp3"
22727876.0,okylemon,2018-03-19 05:56:25,,,"Wastafel - Kampung Pelangi
.
.
#insmg
#insmgjj5 https://t.co/Cmqkny1llZ"
1199600622.0,DRachhma,2018-03-25 01:39:20,,,Baru saja mengirim foto @ Taman Puri Maerokoco https://t.co/219kA7wmJG
